R2_train,R2_test,RMSE_train,RMSE_test,MAPE_train,MAPE_test,fit_intercept,diff
0.7442698487936411,0.7147513468570948,1051860.936229527,1090624.4887378537,0.275901942598751,0.2837902057066453,False,0.02951850193654626
0.7446415511901656,0.7148270339829886,1051096.2211502583,1090479.7874247206,0.2772842943142416,0.2875257294162049,True,0.029814517207176983
