R2_train,R2_test,RMSE_train,RMSE_test,MAPE_train,MAPE_test,learning_rate,loss,max_depth,max_features,n_estimators,diff
0.7514117422585668,0.701932149061406,1037850.323092767,1101355.968463226,0.20466096787527802,0.23209082169225373,0.1,absolute_error,3,log2,45,0.049479593197160776
0.7514117422585668,0.701932149061406,1037850.323092767,1101355.968463226,0.20466096787527802,0.23209082169225373,0.1,absolute_error,3,sqrt,45,0.049479593197160776
