R2_train,R2_test,RMSE_train,RMSE_test,MAPE_train,MAPE_test,learning_rate,loss,max_depth,max_features,n_estimators,diff
0.7769417284561075,0.7365170822365232,692311.6780112952,752166.6839917838,0.19504401098650467,0.20118717262452382,0.1,absolute_error,3,sqrt,45,0.040424646219584304
0.7769417284561075,0.7365170822365232,692311.6780112952,752166.6839917838,0.19504401098650467,0.20118717262452382,0.1,absolute_error,3,log2,45,0.040424646219584304
0.7849623158336216,0.7410525241214247,679750.8796563424,745664.9028916622,0.19117323585141027,0.19954519974715804,0.1,absolute_error,3,sqrt,50,0.04390979171219689
0.7849623158336216,0.7410525241214247,679750.8796563424,745664.9028916622,0.19117323585141027,0.19954519974715804,0.1,absolute_error,3,log2,50,0.04390979171219689
0.7960704876909561,0.7474724684757135,661961.1952280148,736363.4568360398,0.20685981297834546,0.2158009892082875,0.1,huber,3,sqrt,45,0.04859801921524265
0.7960704876909561,0.7474724684757135,661961.1952280148,736363.4568360398,0.20685981297834546,0.2158009892082875,0.1,huber,3,log2,45,0.04859801921524265
0.797397964281869,0.748224028840593,659803.1635442314,735266.8754740785,0.21990706982227573,0.226145391731062,0.1,squared_error,3,log2,45,0.04917393544127602
0.797397964281869,0.748224028840593,659803.1635442314,735266.8754740785,0.21990706982227573,0.226145391731062,0.1,squared_error,3,sqrt,45,0.04917393544127602
